1,3690,3703,,truck
2,3704,3732,,
3,3733,3750,,
4,3751,3848,,"car,truck,bus"
5,3849,3881,,car
6,3882,3936,,car
7,3937,4103,,"car,train,boat"
8,4104,4236,장윤주,
9,4237,4506,장윤주,car
10,4507,4585,장윤주,
11,4586,4748,장윤주,car
12,4749,4895,,car
13,4896,4978,,chair
14,4979,5073,,"chair,refrigerator,orange"
15,5074,5152,,
16,5153,5219,송지효,"refrigerator,orange,chair"
17,5220,5362,송지효,"car,suitcase,handbag,parking meter"
18,5363,5428,,
19,5429,5487,송지효,"chair,dining table,suitcase"
20,5488,5615,송지효,"chair,cup"
21,5616,5726,송지효,cup
22,5727,5823,,"chair,suitcase,dining table,cup"
23,5824,5944,,"car,chair"
24,5945,6069,"장윤주,송지효","chair,car"
25,6070,6120,송지효,chair
26,6121,6163,"장윤주,송지효","car,chair"
27,6164,6235,장윤주,"car,chair"
28,6236,6305,"장윤주,송지효","chair,car"
29,6306,6383,장윤주,"chair,car"
30,6384,6445,"장윤주,송지효,조이,성소","cell phone,chair"
31,6446,6498,성소,"cell phone,chair"
32,6499,6538,성소,cell phone
33,6539,6625,조이,cell phone
34,6626,6759,장윤주,"cup,dining table,cell phone,chair"
35,6760,6814,장윤주,"cup,dining table,cell phone"
36,6815,6870,성소,"bed,chair,cell phone"
37,6871,6931,조이,cell phone
38,6932,6997,송지효,cell phone
39,6998,7048,성소,chair
40,7049,7124,장윤주,cell phone
41,7125,7175,송지효,"car,chair"
42,7176,7267,"장윤주,송지효","handbag,chair,car"
43,7268,7350,송지효,"chair,car"
44,7351,7634,"장윤주,송지효","chair,car"
45,7635,7722,,
46,7723,7774,성소,suitcase
47,7775,7850,성소,
48,7851,7908,성소,"chair,dining table"
49,7909,7997,성소,chair
50,7998,8058,,suitcase
51,8059,8130,,"suitcase,handbag"
52,8131,8252,조이,
53,8253,8329,성소,
54,8330,8427,조이,
55,8428,8488,조이,"suitcase,chair,dining table,handbag"
56,8489,8585,조이,
57,8586,8661,성소,
58,8662,8721,조이,
59,8722,8792,성소,
60,8793,8863,,
61,8864,8899,성소,
62,8900,9016,조이,
63,9017,9086,성소,
64,9087,9163,조이,
65,9164,9253,성소,
66,9254,9308,조이,
67,9309,9361,성소,
68,9362,9424,"조이,성소","chair,dining table,cup"
69,9425,9475,장윤주,"cup,dining table,cell phone,chair"
70,9476,9544,장윤주,cell phone
71,9545,9684,성소,cell phone
72,9685,9771,조이 ,cell phone
73,9772,9856,조이 ,
74,9857,9902,성소,
75,9903,9985,"조이,성소","chair,dining table,cup"
76,9986,10085,조이,
77,10086,10157,성소,
78,10158,10226,조이,
79,10227,10387,성소,"chair,cell phone"
80,10388,10451,조이,"cup,chair,dining table,cell phone"
81,10452,10524,조이,cell phone
82,10525,10685,,cell phone
83,10686,10755,조이,
84,10756,10899,,cell phone
85,10900,10954,조이,
86,10955,11023,"조이,성소","chair,cup,dining table,cell phone"
87,11024,11261,,cell phone
88,11262,11338,성소,
89,11339,11414,조이,
90,11415,11484,,car
91,11485,11557,조이,
92,11558,11647,장윤주,car
93,11648,11707,"조이,성소","chair,cup"
94,11708,11767,"장윤주,송지효",car
95,11768,11888,"조이,성소",cup
96,11889,11999,장윤주,"chair,car"
97,12000,12058,"장윤주,송지효","chair,car"
98,12059,12103,조이 ,car
99,12104,12136,성소,"chair,car"
100,12137,12236,"장윤주,송지효,조이,성소","chair,car"
101,12237,12412,,car
102,12413,12467,"장윤주,송지효,조이,성소","dining table,cup,wine glass,cell phone,cake"
103,12468,12497,"송지효,조이","wine glass,cup"
104,12498,12516,송지효,
105,12517,12544,장윤주,
106,12545,12567,조이 ,
107,12568,12595,조이 ,
108,12596,12673,장윤주,
109,12674,12760,"장윤주,송지효,조이,성소",bed
110,12761,12822,"장윤주,송지효,조이,성소",bed
111,12823,12884,"장윤주,송지효,조이,성소",bed
112,12885,12984,"장윤주,송지효,조이,성소",
113,12985,13045,"장윤주,송지효,조이,성소",
114,13046,13101,"장윤주,송지효,조이,성소",bed
115,13102,13163,,car
116,13164,13220,,"car,truck"
117,13221,13276,"장윤주,송지효,조이,성소","handbag,chair,car"
118,13277,13358,조이 ,"chair,car"
119,13359,13446,"장윤주,송지효,조이,성소","handbag,chair,car"
120,13447,13495,조이 ,car
121,13496,13559,"장윤주,송지효,조이","chair,car"
122,13560,13656,"장윤주,송지효,조이,성소","handbag,chair,car"
123,13657,13835,"장윤주,조이,성소","car,cell phone,cup,handbag"
124,13836,13899,"장윤주,조이",
125,13900,13939,"장윤주,송지효,조이,성소","handbag,chair,car"
126,13940,14016,조이 ,"chair,car"
127,14017,14102,"장윤주,조이","chair,car"
128,14103,14205,조이 ,"chair,car"
129,14206,14294,장윤주,"chair,car"
130,14295,14345,"장윤주,송지효,조이,성소","handbag,chair,car"
131,14346,14408,성소,"chair,car"
132,14409,14468,"장윤주,송지효,조이,성소","handbag,chair,car"
133,14469,14523,장윤주,"chair,car"
134,14524,14637,"장윤주,송지효,조이,성소","chair,car"
135,14638,14703,장윤주,"chair,car"
136,14704,14757,조이 ,"chair,car"
137,14758,14822,성소,"chair,car"
138,14823,14920,"장윤주,송지효,조이,성소","chair,car"
139,14921,14997,장윤주,"chair,car"
140,14998,15082,"장윤주,송지효,조이,성소","handbag,chair,car"
141,15083,15141,,"chair,car"
142,15142,15274,"장윤주,송지효,조이,성소","chair,car"
143,15275,15319,"조이,성소","chair,car"
144,15320,15378,장윤주,"chair,car"
145,15379,15542,,car
146,15543,15664,,
147,15665,16026,"장윤주,송지효,조이,성소","handbag,car,cell phone"
148,16027,16188,,
149,16189,16360,,"chair,bench"
150,16361,16420,"장윤주,송지효,조이,성소",
151,16421,16477,"장윤주,송지효,조이,성소",handbag
152,16478,16509,,
153,16510,16555,,"book,chair,dining table,couch"
154,16556,16652,,"chair,dining table,couch"
155,16653,16779,,"car,potted plant,teddy bear"
156,16780,16820,,
157,16821,16878,,
158,16879,16937,,
159,16938,16991,,
160,16992,17046,,
161,17047,17086,,
162,17087,17159,,
163,17160,17183,,
164,17184,17265,,
165,17266,17341,,
166,17342,17405,"장윤주,송지효,조이,성소",
167,17406,17649,"장윤주,송지효,조이,성소","laptop,cell phone"
168,17650,17723,"장윤주,성소",
169,17724,17805,"송지효,조이,성소","cell phone,handbag"
170,17806,17903,"장윤주,송지효,조이,성소","laptop,cell phone"
171,17904,18020,성소,handbag
172,18021,18167,장윤주,
173,18168,18246,"장윤주,송지효,조이,성소",handbag
174,18247,18461,"장윤주,송지효,조이,성소",handbag
175,18462,18540,"장윤주,송지효,조이",handbag
176,18541,18617,"장윤주,송지효,조이,성소",handbag
177,18618,18667,,
178,18668,18738,,
179,18739,18828,,
180,18829,18970,"장윤주,송지효,조이,성소","handbag,tv,suitcase"
181,18971,19094,"장윤주,송지효,조이,성소",handbag
182,19095,19187,,handbag
183,19188,19231,"장윤주,송지효,성소",
184,19232,19318,,
185,19319,19367,"장윤주,송지효,조이,성소",
186,19368,19423,,
187,19424,19463,,
188,19464,19524,,
189,19525,19627,,
190,19628,19763,,
191,19764,20011,"장윤주,송지효,조이,성소","cell phone,handbag"
192,20012,20163,,
193,20164,20273,,"chair,dining table,couch,potted plant,bowl"
194,20274,20319,,
195,20320,20432,,"chair,potted plant,dining table,vase,tv,couch"
196,20433,20502,,"chair,vase,couch"
197,20503,20542,,
198,20543,20561,,"umbrella,truck,potted plant"
199,20562,20581,,
200,20582,20605,,
201,20606,20676,,"chair,dining table"
202,20677,20732,"장윤주,송지효,조이,성소","handbag,chair,couch"
203,20733,20828,,
204,20829,20892,장윤주,"chair,dining table,bowl"
205,20893,20938,"장윤주,성소 ",
206,20939,21025,"장윤주,송지효,조이,성소",
207,21026,21086,,"oven,refrigerator,sink"
208,21087,21092,,wine glass
209,21093,21103,,"cup,wine glass"
210,21104,21124,,"bottle,cup"
211,21125,21170,,"toaster,bowl,bottle,oven,cup"
212,21171,21248,"송지효,조이,성소","couch,chair,cup"
213,21249,21322,성소,
214,21323,21375,송지효,
215,21376,21480,"장윤주,송지효,성소","couch,handbag"
216,21481,21585,장윤주,
217,21586,21687,,"bed,chair,couch,dining table"
218,21688,21825,,bed
219,21826,21912,,bed
220,21913,22007,"장윤주,송지효,조이,성소",handbag
221,22008,22087,,"chair,potted plant,dining table"
222,22088,22119,,
223,22120,22144,,
224,22145,22205,,"bed,couch"
225,22206,22293,"장윤주,송지효,조이,성소","bed,couch,dining table"
226,22294,22455,"장윤주,송지효,조이,성소","dining table,cell phone,handbag,toilet,bed"
227,22456,22582,"장윤주,조이,성소",bed
228,22583,22743,"장윤주,송지효,조이,성소","bed,toilet"
229,22744,22815,,"sink,toilet"
230,22816,22845,,
231,22846,22908,"장윤주,송지효,조이,성소",
232,22909,23005,"장윤주,송지효,조이,성소",
233,23006,23097,,"sink,toilet"
234,23098,23205,,"tv,bed,chair,couch,dining table"
235,23206,23388,"장윤주,송지효,조이",cell phone
236,23389,23597,,"chair,couch,bed,tv"
237,23598,23656,,"bottle,cup"
238,23657,23775,,"sink,toilet"
239,23776,23901,,"bed,laptop"
240,23902,23991,,"cell phone,bed,labtop"
241,23992,24069,,"laptop,scissors"
242,24070,24167,"장윤주,조이",
243,24168,24262,"송지효,성소",cell phone
244,24263,24346,"장윤주,송지효,조이,성소","bed,handbag"
245,24347,24516,,suitcase
246,24517,24579,"송지효,조이","tv,bed,chair"
247,24580,24634,,
248,24635,24744,장윤주,
249,24745,24828,"송지효,성소",
250,24829,24947,,"suitcase,chair,bowl,dining table"
251,24948,25044,장윤주,
252,25045,25286,"장윤주,송지효,조이,성소","suitcase,car"
253,25287,25403,"장윤주,조이,성소",
254,25404,25470,"장윤주,송지효,조이,성소","car,suitcase"
255,25471,25610,"장윤주,송지효,조이,성소","bed,handbag,cell phone,laptop"
256,25611,25690,조이 ,
257,25691,25764,,
258,25765,25838,"장윤주,송지효,조이","chair,dining table,suitcase,couch,handbag,cell phone"
259,25839,25915,성소,
260,25916,25970,조이 ,
261,25971,26083,"장윤주,송지효,조이","suitcase,chair,couch"
262,26084,26189,,suitcase
263,26190,26252,장윤주,chair
264,26253,26320,조이 ,
265,26321,26396,송지효,couch
266,26397,26464,,book
267,26465,26505,"장윤주,송지효","chair,couch"
268,26506,26612,,book
269,26613,26688,,book
270,26689,26774,장윤주,"suitcase,chair,couch"
271,26775,26839,"장윤주,송지효,조이,성소","chair,couch"
272,26840,26897,장윤주,suitcase
273,26898,26974,성소,chair
274,26975,27060,"장윤주,송지효,조이","chair,couch"
275,27061,27145,,
276,27146,27256,"장윤주,송지효,조이,성소","dining table,suitcase,couch"
277,27257,27337,,bottle
278,27338,27472,"장윤주,송지효,조이,성소",
279,27473,27592,장윤주,chair
280,27593,27642,송지효,couch
281,27643,27782,"장윤주,조이","bottle,couch"
282,27783,27882,,
283,27883,27956,조이 ,
284,27957,28063,"장윤주,송지효,조이,성소","book,chair,dining table,couch"
285,28064,28135,,
286,28136,28248,장윤주,
287,28249,28364,장윤주,couch
288,28365,28445,,
289,28446,28502,장윤주,
290,28503,28552,조이 ,"couch,cell phone"
291,28553,28601,송지효,couch
292,28602,28666,성소,
293,28667,28772,"장윤주,송지효,조이,성소","dining table,couch,bottle,chair"
294,28773,28845,"장윤주,조이",chair
295,28846,28912,,
296,28913,29017,"장윤주,송지효,조이,성소","dining table,couch,bottle,chair"
297,29018,29126,성소,
298,29127,29261,조이 ,
299,29262,29333,"장윤주,송지효,조이","dining table,couch,bottle,chair"
300,29334,29421,,bird
301,29422,29501,,bird
302,29502,29629,,
303,29630,29710,장윤주,
304,29711,29833,"송지효,조이",
305,29834,29882,"장윤주,송지효,조이,성소","dining table,couch,bottle,chair"
306,29883,29938,장윤주,
307,29939,30043,"장윤주,송지효,조이,성소","dining table,couch,bottle,chair"
308,30044,30121,성소,
309,30122,30198,"장윤주,송지효,조이,성소","dining table,couch,bottle,chair"
310,30199,30425,조이 ,
311,30426,30505,조이 ,chair
312,30506,30603,조이 ,
313,30604,30738,조이 ,chair
314,30739,30842,"장윤주,조이","suitcase,couch"
315,30843,30963,,"suitcase,bottle"
316,30964,31062,장윤주,chair
317,31063,31161,,suitcase
318,31162,31236,장윤주,
319,31237,31275,장윤주,"dining table,cup,couch"
320,31276,31339,송지효,
321,31340,31421,,suitcase
322,31422,31502,장윤주,
323,31503,31602,송지효,chair
324,31603,31719,"장윤주,송지효,조이,성소","couch,chair,dining table"
325,31720,31813,장윤주,
326,31814,31907,,
327,31908,31960,조이 ,"chair,couch"
328,31961,32012,장윤주,
329,32013,32106,조이 ,couch
330,32107,32191,"장윤주,송지효,조이,성소","chair,couch,dining table"
331,32192,32233,조이 ,couch
332,32234,32284,장윤주,
333,32285,32354,,
334,32355,32433,,
335,32434,32536,조이 ,
336,32537,32694,장윤주,
337,32695,32967,"장윤주,송지효,조이,성소","chair,couch,dining table"
338,32968,33065,장윤주,
339,33066,33146,송지효,
340,33147,33313,"조이,성소",
341,33314,33406,장윤주,
342,33407,33461,"조이,성소",
343,33462,33505,장윤주,
344,33506,33586,,
345,33587,33658,장윤주,couch
346,33659,33791,장윤주,
347,33792,33837,장윤주,
348,33838,33919,장윤주,
349,33920,34006,장윤주,couch
350,34007,34106,,book
351,34107,34157,조이,"couch,book"
352,34158,34234,,book
353,34235,34336,장윤주,"book,chair"
354,34337,34383,"장윤주,송지효,조이,성소","couch,book"
355,34384,34462,송지효,
356,34463,34502,조이 ,
357,34503,34552,,bottle
358,34553,34629,장윤주,"chair,bottle"
359,34630,34682,조이 ,"couch,bottle"
360,34683,34733,,
361,34734,34775,장윤주,chair
362,34776,34828,조이 ,couch
363,34829,34952,"장윤주,송지효,조이,성소","couch,handbag,chair,suitcase"
364,34953,35038,조이 ,couch
365,35039,35181,,suitcase
366,35182,35233,"조이,성소",
367,35234,35313,장윤주,
368,35314,35352,"장윤주,송지효,조이,성소","couch,chair"
369,35353,35435,,suitcase
370,35436,35508,"장윤주,조이","chair,suitcase,couch"
371,35509,35574,,suitcase
372,35575,35637,,
373,35638,35685,성소,
374,35686,35733,"장윤주,송지효,조이,성소","couch,chair"
375,35734,35802,송지효,couch
376,35803,35867,조이 ,
377,35868,35956,,
378,35957,36067,장윤주,
379,36068,36125,조이 ,
380,36126,36206,"장윤주,송지효,조이,성소",couch
381,36207,36288,장윤주,
382,36289,36343,조이 ,
383,36344,36392,장윤주,
384,36393,36447,"장윤주,송지효,조이,성소",couch
385,36448,36496,조이 ,
386,36497,36573,송지효,couch
387,36574,36628,"장윤주,송지효,조이,성소","couch,chair"
388,36629,36696,장윤주,chair
389,36697,36757,,suitcase
390,36758,36814,장윤주,chair
391,36815,36891,조이 ,
392,36892,36946,장윤주,chair
393,36947,37003,"장윤주,송지효,조이,성소",couch
394,37004,37043,성소,
395,37044,37101,조이 ,
396,37102,37183,,
397,37184,37221,"장윤주,송지효,조이,성소","couch,chair"
398,37222,37296,장윤주,chair
399,37297,37354,,
400,37355,37360,"장윤주,송지효,조이",handbag
401,37361,37365,"장윤주,송지효,조이",couch
402,37366,37371,"장윤주,송지효,조이",
403,37372,37382,"장윤주,송지효,조이",
404,37383,37404,"장윤주,송지효,조이",
405,37405,37430,"장윤주,송지효,조이",
406,37431,37524,"장윤주,송지효",
407,37525,37577,,
408,37578,37597,장윤주,
409,37598,37652,장윤주,
410,37653,37719,조이 ,
411,37720,37774,,
412,37775,37833,장윤주,chair
413,37834,37896,성소,couch
414,37897,37953,"장윤주,송지효,조이,성소","couch,chair"
415,37954,38031,조이 ,
416,38032,38130,장윤주,chair
417,38131,38193,,"chair,bed,couch"
418,38194,38255,,"bed,chair"
419,38256,38312,장윤주,
420,38313,38363,"조이,성소",
421,38364,38454,장윤주,chair
422,38455,38531,,
423,38532,38552,,
424,38553,38557,,
425,38558,38696,장윤주,
426,38697,38760,"장윤주,송지효,조이,성소","couch,chair"
427,38761,38827,조이 ,
428,38828,38926,"장윤주,조이",
429,38927,38977,,
430,38978,39017,"장윤주,송지효,조이,성소","couch,chair"
431,39018,39099,"장윤주,성소","chair,handbag"
432,39100,39162,송지효,couch
433,39163,39218,"장윤주,송지효,조이,성소","couch,chair"
434,39219,39277,,
435,39278,39397,장윤주,"handbag,chair"
436,39398,39438,조이 ,
437,39439,39489,장윤주,"handbag,chair"
438,39490,39569,성소,
439,39570,39701,,
440,39702,39772,장윤주,"handbag,chair"
441,39773,39862,송지효,
442,39863,39961,조이 ,
443,39962,40019,"장윤주,송지효,조이,성소","couch,chair"
444,40020,40081,장윤주,
445,40082,40129,성소,
446,40130,40250,,"chair,dining table,couch,bed"
447,40251,40370,,bed
448,40371,40451,,"chair,bed,dining table,tv"
449,40452,40543,,"laptop,bed"
450,40544,40620,,
451,40621,40703,,
452,40704,40975,"장윤주,송지효,조이,성소",dining table
453,40976,41052,"송지효,성소",
454,41053,41156,조이 ,
455,41157,41253,"송지효,조이",couch
456,41254,41322,장윤주,
457,41323,41368,조이 ,
458,41369,41418,성소,
459,41419,41477,송지효,
460,41478,41518,,
461,41519,41576,"장윤주,조이",chair
462,41577,41680,조이 ,
463,41681,41759,조이 ,
464,41760,41791,장윤주,
465,41792,41835,"송지효,조이,성소",couch
466,41836,41894,조이 ,
467,41895,41997,성소,
468,41998,42052,"장윤주,송지효,조이,성소","couch,chair"
469,42053,42220,송지효,
470,42221,42381,"장윤주,송지효,조이,성소","couch,chair"
471,42382,42499,장윤주,chair
472,42500,42583,"송지효,조이,성소",couch
473,42584,42744,장윤주,
474,42745,42871,"장윤주,송지효,조이,성소","dining table,couch,chair"
475,42872,42920,"조이,성소",
476,42921,42988,장윤주,
477,42989,43068,"장윤주,송지효,조이,성소","couch,chair"
478,43069,43210,장윤주,
479,43211,43264,조이 ,
480,43265,43321,성소,
481,43322,43541,"송지효,조이,성소",
482,43542,43633,조이 ,
483,43634,43712,"장윤주,송지효,조이,성소","couch,chair"
484,43713,43767,장윤주,chair
485,43768,43841,"조이,성소",
486,43842,43909,"장윤주,송지효,조이,성소","couch,chair"
487,43910,43984,장윤주,
488,43985,44084,"장윤주,송지효,조이,성소","couch,chair"
489,44085,44196,"조이,성소",
490,44197,44287,"장윤주,송지효,조이,성소","couch,chair"
491,44288,44394,조이 ,
492,44395,44533,장윤주,
493,44534,44579,"장윤주,송지효,조이,성소","couch,chair"
494,44580,44628,,
495,44629,44682,성소,
496,44683,44734,송지효,
497,44735,44802,장윤주,
498,44803,44955,,
499,44956,45054,,"tv,chair,bed"
500,45055,45180,"조이,성소","tv,chair,handbag"
501,45181,45281,"조이,성소","suitcase,couch,handbag,bed"
502,45282,45366,성소,"tv,chair,bed,suitcase"
503,45367,45464,"조이,성소",tv
504,45465,45526,조이 ,
505,45527,45561,성소,
506,45562,45612,,
507,45613,45648,성소,"suitcase,bottle"
508,45649,45729,성소,bed
509,45730,45853,조이 ,bed
510,45854,46019,성소,bed
511,46020,46267,"장윤주,송지효",bed
512,46268,46361,장윤주,"bed,couch"
513,46362,46465,장윤주,bed
514,46466,46545,"장윤주,송지효",bed
515,46546,46610,장윤주,bed
516,46611,46677,송지효,
517,46678,46778,장윤주,bed
518,46779,46917,,"chair,bed"
519,46918,47090,송지효,
520,47091,47235,,"laptop,bed"
521,47236,47300,송지효,
522,47301,47418,"장윤주,송지효,조이,성소","tv,bed,toilet,sink,chair"
523,47419,47558,"장윤주,송지효,조이,성소","handbag,bed"
524,47559,47628,"장윤주,조이","tv,bed,couch,toilet"
525,47629,47774,"장윤주,송지효,조이,성소","bed,dining table,sink"
526,47775,47967,"장윤주,송지효,조이,성소","bed,tv,handbag,dog,sink"
527,47968,48112,"장윤주,송지효","bed,chair"
528,48113,48217,"장윤주,송지효","bed,chair"
529,48218,48440,장윤주,bed
530,48441,48555,"장윤주,송지효","chair,bed,couch"
531,48556,48608,송지효,
532,48609,48687,장윤주,bed
533,48688,48747,송지효,
534,48748,48840,"장윤주,송지효","chair,bed,couch"
535,48841,48932,장윤주,bed
536,48933,49002,"장윤주,송지효,조이,성소","car,chair"
537,49003,49084,"장윤주,송지효,조이,성소","chair,couch"
538,49085,49137,조이 ,
539,49138,49189,성소,
540,49190,49236,"장윤주,송지효","chair,bed"
541,49237,49326,성소,"sink,bed,toilet,suitcase"
542,49327,49513,"장윤주,송지효,조이,성소","chair,bed,cell phone"
543,49514,49567,장윤주,
544,49568,49634,송지효,
545,49635,49718,"장윤주,송지효,조이","cell phone,bed"
546,49719,49840,조이 ,"cell phone,bed"
547,49841,49912,장윤주,
548,49913,49987,송지효,
549,49988,50061,"장윤주,송지효,조이,성소","chair,bed"
550,50062,50116,성소,
551,50117,50256,"장윤주,송지효,조이","cell phone,bed"
552,50257,50409,"장윤주,송지효",
553,50410,50484,"장윤주,송지효,조이,성소","cell phone,laptop,bed"
554,50485,50579,"장윤주,송지효,조이,성소","chair,bed,cell phone,handbag"
555,50580,50640,,bed
556,50641,50749,,
557,50750,50853,,
558,50854,50936,,
559,50937,51011,,
560,51012,51091,,
561,51092,51193,"장윤주,송지효,조이,성소","bottle,cell phone"
562,51194,51305,,
563,51306,51388,,
564,51389,51491,,
565,51492,51622,"송지효,성소","handbag,tv"
566,51623,51718,,
567,51719,51866,"장윤주,조이",
568,51867,52031,,"chair,dining table,bowl,couch,potted plant"
569,52032,52096,,"dining table,bowl"
570,52097,52230,"장윤주,조이","dining table,bowl,couch,potted plant,chair,vase"
571,52231,52347,"장윤주,조이","chair,cup,couch,bottle,dining table"
572,52348,52421,,"cup,bowl,chair"
573,52422,52485,장윤주,"cup,dining table,vase,cell phone"
574,52486,52575,,bowl
575,52576,52634,장윤주,
576,52635,52706,"장윤주,조이","cup,dining table,cell phone"
577,52707,52855,,"bowl,dining table"
578,52856,52920,,
579,52921,52999,,"chair,bed"
580,53000,53155,,
581,53156,53234,,
582,53235,53326,장윤주,"toilet,bed,chair"
583,53327,53417,,bed
584,53418,53513,,
585,53514,53610,"장윤주,조이",bed
586,53611,53673,,bed
587,53674,53840,"장윤주,조이",
588,53841,53972,,bed
589,53973,54095,"장윤주,조이",bed
590,54096,54183,장윤주,bed
591,54184,54257,,bed
592,54258,54414,"장윤주,조이","bed,chair"
593,54415,54482,"장윤주,조이",bed
594,54483,54577,,bed
595,54578,54668,,
596,54669,54778,"장윤주,조이",
597,54779,54853,,
598,54854,54919,,"bottle,cup,potted plant,chair"
599,54920,54971,,
600,54972,54984,,bottle
601,54985,55001,,bowl
602,55002,55051,,chair
603,55052,55157,,"chair,potted plant,dining table"
604,55158,55241,"송지효,성소","chair,cell phone"
605,55242,55345,성소,"cell phone,chair"
606,55346,55512,"송지효,성소","chair,dining table"
607,55513,55576,성소,"chair,cell phone"
608,55577,55606,송지효,"chair,bed"
609,55607,55704,"송지효,성소","cell phone,dining table"
610,55705,55782,"송지효,성소",
611,55783,55846,,
612,55847,55904,"송지효,성소","chair,cell phone"
613,55905,56019,,bowl
614,56020,56095,,
615,56096,56150,송지효,"cell phone,tv"
616,56151,56293,"송지효,성소",chair
617,56294,56381,성소,chair
618,56382,56502,송지효,"chair,bed"
619,56503,56613,"송지효,성소",chair
620,56614,56684,송지효,chair
621,56685,56767,성소,
622,56768,56858,,dining table
623,56859,56996,"송지효,성소",chair
624,56997,57157,"송지효,성소","chair,cup"
625,57158,57381,송지효,chair
626,57382,57441,,cell phone
627,57442,57545,송지효,
628,57546,57619,"송지효,성소",chair
629,57620,57680,성소,
630,57681,57790,"송지효,성소","chair,laptop"
631,57791,58115,송지효,"chair,cell phone"
632,58116,58201,송지효,"cell phone,laptop,tv"
633,58202,58272,,"book,laptop"
634,58273,58356,,book
635,58357,58425,,chair
636,58426,58498,송지효,tv
637,58499,58598,"장윤주,송지효,조이,성소",tv
638,58599,58669,"장윤주,송지효,조이,성소",dining table
639,58670,58830,"송지효,성소","chair,wine glass"
640,58831,58943,,"wine glass,dining table"
641,58944,59003,"송지효,성소","chair,dining table"
642,59004,59063,성소,tv
643,59064,59136,,wine glass
644,59137,59208,,
645,59209,59277,송지효,wine glass
646,59278,59446,"송지효,성소","chair,dining table"
647,59447,59581,,
648,59582,59689,"장윤주,조이","chair,bed"
649,59690,59786,,
650,59787,59881,,
651,59882,60006,"장윤주,조이",bed
652,60007,60167,조이 ,
653,60168,60278,장윤주,
654,60279,60496,"장윤주,조이",bed
655,60497,60640,장윤주,
656,60641,60730,조이 ,
657,60731,60900,"장윤주,조이",bed
658,60901,61010,장윤주,
659,61011,61198,"장윤주,조이",bed
660,61199,61283,장윤주,
661,61284,61408,조이 ,
662,61409,61623,장윤주,
663,61624,61725,장윤주,
664,61726,61826,장윤주,
665,61827,61934,장윤주,
666,61935,62061,장윤주,
667,62062,62156,조이 ,
668,62157,62321,"장윤주,조이",bed
669,62322,62483,조이 ,
670,62484,62665,"장윤주,조이",bed
671,62666,62824,조이 ,
672,62825,62892,장윤주,
673,62893,63073,조이 ,
674,63074,63238,"장윤주,조이",bed
675,63239,63373,"장윤주,조이",bed
676,63374,63564,"장윤주,조이",bed
677,63565,63673,조이 ,
678,63674,63764,장윤주,
679,63765,63955,"장윤주,조이","bed,tv"
680,63956,64030,조이 ,
681,64031,64152,장윤주,
682,64153,64281,조이 ,
683,64282,64387,,
684,64388,64457,장윤주,
685,64458,64522,조이 ,
686,64523,64611,"장윤주,조이",bed
687,64612,64692,장윤주,
688,64693,64802,조이 ,
689,64803,64956,"장윤주,조이",bed
690,64957,65096,조이 ,
691,65097,65340,"장윤주,조이",bed
692,65341,65541,"장윤주,조이",bed
693,65542,65612,"장윤주,조이",bed
694,65613,65665,조이 ,
695,65666,65786,"장윤주,조이",bed
696,65787,65905,"장윤주,조이",bed
697,65906,66006,"장윤주,조이",
698,66007,66098,"장윤주,조이",bed
699,66099,66216,"장윤주,조이",bed
700,66217,66305,조이 ,
701,66306,66443,"장윤주,조이",bed
702,66444,66526,,
703,66527,66644,,
704,66645,66732,"장윤주,송지효,조이","wine glass,cell phone"
705,66733,66850,"장윤주,조이",chair
706,66851,66950,,
707,66951,67029,조이 ,
708,67030,67128,,
709,67129,67223,장윤주,
710,67224,67385,"장윤주,조이",cell phone
711,67386,67463,장윤주,
712,67464,67535,"송지효,성소",chair
713,67536,67591,,"chair,dining table"
714,67592,67667,"장윤주,송지효,조이",wine glass
715,67668,67736,송지효,"chair,dining table"
716,67737,67853,"장윤주,조이","dining table,wine glass"
717,67854,67943,"장윤주,조이",wine glass
718,67944,68043,"장윤주,송지효,조이,성소",wine glass
719,68044,68148,"장윤주,송지효,조이,성소",
720,68149,68258,"장윤주,조이",
721,68259,68359,조이,
722,68360,68436,장윤주,
723,68437,68522,장윤주,
724,68523,68690,장윤주,
725,68691,68817,조이 ,
726,68818,68935,,
727,68936,68982,"장윤주,조이","dining table,wine glass,chair"
728,68983,69186,조이 ,
729,69187,69274,조이 ,
730,69275,69367,조이 ,
731,69368,69507,조이 ,
732,69508,69695,조이 ,
733,69696,69945,장윤주,
734,69946,70029,조이 ,
735,70030,70168,"장윤주,조이","wine glass,dining table"
736,70169,70260,장윤주,
737,70261,70422,"장윤주,조이","wine glass,dining table"
738,70423,70574,장윤주,
739,70575,70827,조이 ,
740,70828,70983,"장윤주,조이","wine glass,dining table"
741,70984,71098,"장윤주,조이",wine glass
742,71099,71218,장윤주,wine glass
743,71219,71311,,
744,71312,71494,,
745,71495,71584,"장윤주,송지효,조이,성소","cell phone,bottle,handbag"
746,71585,71681,"장윤주,송지효,조이,성소","chair,book,handbag,cell phone"
747,71682,71771,,
748,71772,71819,송지효,
749,71820,71862,성소,
750,71863,71902,장윤주,
751,71903,72006,,
752,72007,72144,"장윤주,송지효,조이","bed,couch,toilet"
753,72145,72343,"송지효,조이,성소","toilet,umbrella"
754,72344,72417,"조이,성소",
755,72418,72473,장윤주,
756,72474,72572,,cell phone
757,72573,72694,장윤주,
758,72695,72806,송지효,couch
759,72807,72920,"장윤주,송지효,조이,성소","chair,couch"
760,72921,72987,"조이,성소",couch
761,72988,73098,장윤주,
762,73099,73196,송지효,
763,73197,73270,"조이,성소",couch
764,73271,73351,장윤주,
765,73352,73410,"장윤주,송지효,조이,성소","chair,couch"
766,73411,73480,"조이,성소",couch
767,73481,73556,"장윤주,송지효,조이,성소","chair,couch"
768,73557,73675,,
769,73676,73723,,
770,73724,73763,,
771,73764,73838,,
772,73839,73921,,
773,73922,74226,"장윤주,송지효",
774,74227,74230,"장윤주,송지효",
775,74231,74234,"장윤주,송지효",
776,74235,74266,"장윤주,송지효",
777,74267,74270,송지효,
778,74271,74274,,
779,74275,74414,송지효,
780,74415,74601,"조이,성소",
781,74602,74938,"장윤주,송지효,조이,성소",handbag
782,74939,75289,,
783,75290,75426,"장윤주,송지효,조이,성소",handbag
784,75427,75845,"장윤주,송지효,조이,성소",
785,75846,76037,,
786,76038,76283,,
787,76284,76389,"장윤주,송지효,조이",handbag
788,76390,76629,,"chair,dining table,wine glass,fork,knife,potted plant"
789,76630,76715,"장윤주,송지효","chair,dining table,wine glass,fork,knife,potted plant"
790,76716,76790,장윤주,
791,76791,76831,"장윤주,송지효,조이,성소","chair,dining table,wine glass,fork,knife,potted plant"
792,76832,76885,"장윤주,송지효",
793,76886,76980,"조이,성소",
794,76981,77051,"장윤주,송지효,조이,성소","chair,dining table,wine glass,fork,knife,potted plant"
795,77052,77169,"장윤주,송지효",wine glass
796,77170,77230,"조이,성소",
797,77231,77323,"장윤주,송지효","cup,dining table"
798,77324,77393,"장윤주,송지효",wine glass
799,77394,77456,송지효,
800,77457,77502,성소,
801,77503,77595,"장윤주,송지효",wine glass
802,77596,77663,"송지효,조이,성소","dining table,bottle,chair,cell phone,wine glass"
803,77664,77739,,
804,77740,77802,장윤주,wine glass
805,77803,77949,"장윤주,송지효,조이,성소","chair,dining table,wine glass,potted plant,cell phone"
806,77950,78044,"장윤주,송지효",
807,78045,78222,,
808,78223,78298,장윤주,
809,78299,78375,장윤주,
810,78376,78456,조이 ,
811,78457,78533,송지효,"dining table,potted plant,wine glass,chair,cell phone,bowl"
812,78534,78593,장윤주,cup
813,78594,78631,"조이,성소",
814,78632,78679,"송지효,성소","chair,wine glass,dining table,cell phone"
815,78680,78762,,
816,78763,78835,"장윤주,송지효,조이,성소","chair,wine glass,dining table,potted plant"
817,78836,78892,장윤주,wine glass
818,78893,78953,조이 ,
819,78954,79026,송지효,
820,79027,79095,"장윤주,송지효,조이,성소","dining table,potted plant,wine glass,chair,cell phone"
821,79096,79193,장윤주,
822,79194,79252,조이 ,wine glass
823,79253,79323,성소,
824,79324,79432,"장윤주,송지효,조이,성소","dining table,potted plant,wine glass,chair,cell phone,cup,bottle"
825,79433,79521,장윤주,
826,79522,79578,조이 ,
827,79579,79630,,cup
828,79631,79716,성소,
829,79717,79842,조이 ,
830,79843,79896,성소,"cup,fork"
831,79897,79940,조이 ,
832,79941,80002,장윤주,
833,80003,80047,"조이,성소",
834,80048,80127,"장윤주,송지효,조이,성소","dining table,bottle,potted plant,wine glass,chair,cell phone"
835,80128,80179,"조이,성소",cup
836,80180,80244,,"cup,bottle"
837,80245,80320,"장윤주,송지효,조이","dining table,potted plant,wine glass,chair,cell phone,bottle,cup"
838,80321,80379,송지효,
839,80380,80521,,"cup,bottle"
840,80522,80583,,wine glass
841,80584,80669,"장윤주,송지효","wine glass,dining table"
842,80670,80732,송지효,wine glass
843,80733,80776,"조이,성소","wine glass,cup"
844,80777,80821,장윤주,
845,80822,80965,"장윤주,송지효,조이,성소","dining table,cup,potted plant,wine glass,cell phone"
846,80966,81030,송지효,"wine glass,bottle"
847,81031,81100,성소,"wine glass,bowl,cup"
848,81101,81189,조이 ,wine glass
849,81190,81256,"장윤주,송지효,조이,성소","dining table,wine glass,cup,potted plant,chair"
850,81257,81330,"장윤주,송지효","fork,dining table"
851,81331,81440,"조이,성소","wine glass,dining table"
852,81441,81569,"장윤주,송지효,조이,성소","dining table,cup,wine glass,chair,cell phone,potted plant"
853,81570,81657,송지효,
854,81658,81791,,
855,81792,81821,,"dining table,spoon"
856,81822,82042,,
857,82043,82194,장윤주,"wine glass,bowl,dining table,fork,cup"
858,82195,82339,,"cake,knife"
859,82340,82472,,"knife,dining table,fork,cup"
860,82473,82615,"장윤주,송지효,조이,성소","cell phone,dining table,wine glass,potted plant,chair"
861,82616,82786,,"fork,dining table,bowl,wine glass,knife,cup"
862,82787,82930,장윤주,
863,82931,83049,"조이,성소",
864,83050,83136,송지효,
865,83137,83198,조이 ,fork
866,83199,83256,,dining table
867,83257,83324,송지효,
868,83325,83419,"장윤주,송지효,조이,성소","cell phone,bowl,wine glass,dining table"
869,83420,83522,"조이,성소",
870,83523,83628,"장윤주,조이,성소",cup
871,83629,83721,"장윤주,송지효","fork,wine glass,bowl,cup"
872,83722,83780,"조이,성소","handbag,cup"
873,83781,83838,조이 ,
874,83839,83892,송지효,
875,83893,83968,"장윤주,송지효,조이,성소","dining table,wine glass,potted plant"
876,83969,84014,"조이,성소",
877,84015,84149,장윤주,"fork,wine glass,dining table,cup"
878,84150,84336,,bowl
879,84337,84584,,bowl
880,84585,84794,,bowl
881,84795,84923,장윤주,fork
882,84924,85131,"조이,성소","cup,wine glass,fork"
883,85132,85271,,"spoon,fork,knife"
884,85272,85378,"장윤주,송지효,조이,성소","chair,dining table,wine glass,potted plant,bowl,bottle,cell phone"
885,85379,85521,"조이,성소","bowl,bottle,wine glass,cup"
886,85522,85573,"장윤주,조이","cup,bowl,dining table,wine glass"
887,85574,85644,"장윤주,조이,성소","chair,cup,bowl,dining table"
888,85645,85765,"장윤주,조이","bowl,cup,dining table"
889,85766,85820,,"bowl,dining table,wine glass"
890,85821,85922,"조이,성소","dining table,bowl,wine glass,cell phone,chair,cup"
891,85923,86098,"조이,성소","fork,chair,bowl,dining table"
892,86099,86208,"장윤주,송지효,조이,성소","dining table,cup,bottle,potted plant,wine glass,bowl,cell phone"
893,86209,86261,송지효,
894,86262,86366,장윤주,
895,86367,86490,"조이,성소","bowl,spoon,bottle"
896,86491,86555,"장윤주,송지효,조이,성소","dining table,bowl,wine glass,potted plant"
897,86556,86608,장윤주,cup
898,86609,86661,송지효,
899,86662,86707,조이 ,
900,86708,86760,"장윤주,송지효",
901,86761,86813,"조이,성소",
902,86814,86893,송지효,cup
903,86894,86973,"장윤주,송지효","wine glass,cup,bowl"
904,86974,87047,"조이,성소","handbag,wine glass"
905,87048,87180,"장윤주,송지효","wine glass,chair"
906,87181,87266,송지효,
907,87267,87322,성소,
908,87323,87405,조이 ,cup
909,87406,87435,"장윤주,송지효","cup,wine glass"
910,87436,87493,조이 ,dining table
911,87494,87550,장윤주,"fork,refrigerator"
912,87551,87601,성소,bowl
913,87602,87677,"장윤주,송지효","dining table,bowl,wine glass"
914,87678,87757,"장윤주,송지효",wine glass
915,87758,87792,조이 ,
916,87793,87834,"장윤주,송지효","wine glass,"
917,87835,87903,장윤주,wine glass
918,87904,87965,성소,
919,87966,88062,"장윤주,송지효",
920,88063,88115,조이 ,wine glass
921,88116,88225,"장윤주,송지효",
922,88226,88294,조이 ,wine glass
923,88295,88401,"장윤주,송지효",
924,88402,88543,,
925,88544,88612,"송지효,조이,성소","chair,wine glass,cell phone,dining table"
926,88613,88684,장윤주,"tv,chair,wine glass,cup"
927,88685,88763,"장윤주,송지효","fork,bowl"
928,88764,88882,송지효,cell phone
929,88883,88977,,
930,88978,89063,"장윤주,송지효,조이,성소","dining table,potted plant,wine glass,chair,cell phone,cup"
931,89064,89227,장윤주,
932,89228,89318,"장윤주,송지효,조이,성소","wine glass,dining table,chair,cell phone"
933,89319,89395,장윤주,"wine glass,cup,handbag"
934,89396,89520,"조이,성소",
935,89521,89580,"장윤주,송지효",
936,89581,89693,"장윤주,송지효,조이,성소","cell phone,wine glass,dining table,chair,potted plant"
937,89694,89768,조이 ,"chair,wine glass"
938,89769,89878,"장윤주,송지효","cup,wine glass"
939,89879,90095,조이 ,
940,90096,90183,장윤주,
941,90184,90272,조이 ,
942,90273,90316,송지효,
943,90317,90365,"조이,성소",
944,90366,90516,"장윤주,조이",
945,90517,90613,성소,
946,90614,90756,"장윤주,송지효",
947,90757,90827,송지효,
948,90828,91084,장윤주,
949,91085,91181,장윤주,
950,91182,91285,장윤주,
951,91286,91407,조이 ,
952,91408,91509,송지효,
953,91510,91578,"장윤주,송지효",wine glass
954,91579,91674,"조이,성소","bowl,wine glass"
955,91675,91783,"장윤주,송지효",handbag
956,91784,91858,장윤주,
957,91859,91917,조이 ,
958,91918,92110,장윤주,
959,92111,92182,송지효,
960,92183,92340,"장윤주,송지효,조이,성소","wine glass,dining table,cell phone,potted plant,chair"
961,92341,92415,"장윤주,성소",
962,92416,92451,"조이,성소",wine glass
963,92452,92584,,
964,92585,92707,,"knife,wine glass,dining table"
965,92708,93016,,
966,93017,93192,,"dining table,wine glass,spoon,bowl"
967,93193,93258,장윤주,cup
968,93259,93361,"조이,성소",
969,93362,93542,,
970,93543,93647,장윤주,cup
971,93648,93827,"장윤주,송지효,조이,성소","dining table,cup,potted plant,wine glass,chair,cell phone,knife"
972,93828,93961,,knife
973,93962,94147,조이 ,"fork,bowl,knife,cup,wine glass"
974,94148,94430,장윤주,fork
975,94431,94636,성소,"fork,bottle,chair"
976,94637,94750,"장윤주,송지효,조이,성소","dining table,bowl,bottle,wine glass,chair,cell phone"
977,94751,94906,장윤주,"cell phone,wine glass,dining table,cup,chair,tie,refrigerator"
978,94907,95005,"조이,성소","cell phone,wine glass,cup,laptop"
979,95006,95101,,cell phone
980,95102,95309,장윤주,"cell phone,chair"
981,95310,95416,"조이,성소","cell phone,wine glass,chair"
982,95417,95480,"장윤주,송지효","cell phone,bowl"
983,95481,95550,"조이,성소","cell phone,wine glass,chair,cup,bowl"
984,95551,95658,송지효,chair
985,95659,95820,성소,cup
986,95821,95926,장윤주,"cell phone,cup"
987,95927,96012,"조이,성소","cell phone,chair"
988,96013,96071,장윤주,"cell phone,cup"
989,96072,96153,조이 ,"cell phone,cup,chair"
990,96154,96212,장윤주,cell phone
991,96213,96398,송지효,cell phone
992,96399,96463,성소,fork
993,96464,96541,"송지효,조이,성소","dining table,potted plant,wine glass,chair,cell phone,cup"
994,96542,96607,장윤주,
995,96608,96671,송지효,cell phone
996,96672,96725,조이 ,wine glass
997,96726,96815,"장윤주,송지효","wine glass,chair,cell phone,cup"
998,96816,96872,"조이,성소","wine glass,handbag"
999,96873,97003,"장윤주,송지효","bowl,wine glass,cup,chair,fork"
1000,97004,97064,송지효,cell phone
1001,97065,97171,송지효,dining table
1002,97172,97262,송지효,
1003,97263,97391,"장윤주,송지효,조이,성소","chair,dining table,wine glass,potted plant,cup,cell phone"
1004,97392,97492,장윤주,
1005,97493,97583,송지효,
1006,97584,97708,"조이,성소","chair,wine glass,fork"
1007,97709,97802,"장윤주,송지효","bowl,wine glass,dining table,cup"
1008,97803,97884,"조이,성소","wine glass,bowl"
1009,97885,97975,성소,
1010,97976,98051,성소,clock
1011,98052,98105,"장윤주,송지효","cake,bowl,wine glass,fork,cup"
1012,98106,98219,"조이,성소",
1013,98220,98336,장윤주,"tie,wine glass"
1014,98337,98443,성소,"cup,tv,cell phone"
1015,98444,98542,"조이,성소",
1016,98543,98653,"장윤주,송지효,조이,성소","dining table,cup,wine glass,chair,cell phone,potted plant"
1017,98654,98713,조이 ,wine glass
1018,98714,98795,"조이,성소",
1019,98796,98881,조이 ,"wine glass,cup"
1020,98882,98960,성소,
1021,98961,99023,"조이,성소",wine glass
1022,99024,99065,"장윤주,송지효,조이","chair,dining table,wine glass,cup,potted plant"
1023,99066,99099,조이 ,
1024,99100,99147,장윤주,
1025,99148,99311,조이 ,"chair,wine glass,cup"
1026,99312,99364,장윤주,
1027,99365,99513,"조이,성소","bowl,wine glass"
1028,99514,99878,조이 ,"chair,cup,wine glass"
1029,99879,100020,조이 ,
1030,100021,100295,조이 ,bottle
1031,100296,100373,조이 ,fork
1032,100374,100448,송지효,
1033,100449,100825,조이 ,bottle
1034,100826,100956,장윤주,couch
1035,100957,101049,"조이,성소",
1036,101050,101149,송지효,
1037,101150,101286,장윤주,cup
1038,101287,101364,"조이,성소",
1039,101365,101451,장윤주,cell phone
1040,101452,101523,"장윤주,송지효",
1041,101524,101703,"장윤주,송지효",
1042,101704,101784,"조이,성소",
1043,101785,101896,장윤주,
1044,101897,101976,"조이,성소",cup
1045,101977,102039,송지효,cell phone
1046,102040,102172,장윤주,
1047,102173,102220,"조이,성소",wine glass
1048,102221,102270,장윤주,chair
1049,102271,102312,송지효,
1050,102313,102554,장윤주,
1051,102555,102596,"조이,성소",
1052,102597,102715,장윤주,
1053,102716,102906,"장윤주,송지효,조이,성소","cell phone,dining table,wine glass,potted plant,chair"
1054,102907,103067,장윤주,wine glass
1055,103068,103127,송지효,
1056,103128,103268,장윤주,
1057,103269,103316,조이 ,cup
1058,103317,103445,"장윤주,송지효",wine glass
1059,103446,103574,장윤주,cup
1060,103575,103638,"조이,성소","wine glass,bottle,knife"
1061,103639,103762,"장윤주,송지효",wine glass
1062,103763,104062,장윤주,cup
1063,104063,104130,"장윤주,송지효",
1064,104131,104252,"장윤주,송지효","wine glass,chair"
1065,104253,104312,성소,cup
1066,104313,104607,장윤주,"cell phone,tie,handbag"
1067,104608,104719,장윤주,"potted plant,toilet,cup"
1068,104720,104866,장윤주,
1069,104867,104976,"장윤주,송지효",wine glass
1070,104977,105050,장윤주,
1071,105051,105101,"조이,성소",
1072,105102,105201,장윤주,"cell phone,fork"
1073,105202,105314,장윤주,
1074,105315,105422,장윤주,
1075,105423,105536,"장윤주,송지효",
1076,105537,105610,"조이,성소",
1077,105611,105670,장윤주,
1078,105671,105939,"장윤주,송지효",
1079,105940,106169,장윤주,
1080,106170,106211,,
1081,106212,106297,장윤주,cup
1082,106298,106369,장윤주,"cup,cell phone,wine glass"
1083,106370,106455,장윤주,cell phone
1084,106456,106627,장윤주,
1085,106628,106724,"조이,성소",wine glass
1086,106725,106871,장윤주,"dining table,cup"
1087,106872,106947,"장윤주,송지효,조이,성소","chair,dining table,wine glass,potted plant"
1088,106948,107114,송지효,handbag
1089,107115,107265,장윤주,bottle
1090,107266,107419,"장윤주,송지효,조이,성소","dining table,bottle,wine glass,chair,cell phone,potted plant,knife"
1091,107420,107514,성소,cup
1092,107515,107706,장윤주,"handbag,dining table,wine glass"
1093,107707,107849,,"spoon,dining table,fork"
1094,107850,107969,,"fork,spoon,dining table"
1095,107970,108079,장윤주,"wine glass,dining table,fork,spoon"
1096,108080,108204,성소,fork
1097,108205,108339,"송지효,조이",
1098,108340,108475,"장윤주,송지효","chair,wine glass,dining table,bowl"
1099,108476,108680,장윤주,"chair,cell phone,wine glass"
1100,108681,108754,성소,cell phone
1101,108755,108834,송지효,cell phone
1102,108835,109017,조이 ,"wine glass,cup"
1103,109018,109280,"장윤주,송지효","cell phone,wine glass,cup"
1104,109281,109374,"조이,성소","cell phone,wine glass,cup"
1105,109375,109591,장윤주,cell phone
1106,109592,109633,성소,
1107,109634,109695,송지효,cell phone
1108,109696,109880,장윤주,cell phone
1109,109881,109941,성소,
1110,109942,110053,장윤주,
1111,110054,110188,조이 ,wine glass
1112,110189,110245,"장윤주,송지효",
1113,110246,110304,성소,
1114,110305,110397,장윤주,wine glass
1115,110398,110504,"조이,성소","wine glass,dining table,cell phone,chair"
1116,110505,110582,장윤주,wine glass
1117,110583,110710,"조이,성소","chair,wine glass,cup,cell phone,spoon"
1118,110711,110797,"장윤주,송지효","cell phone,wine glass"
1119,110798,110868,성소,cup
1120,110869,110990,"장윤주,송지효,조이,성소","dining table,cup,potted plant,wine glass,chair,cell phone"
1121,110991,111139,"장윤주,송지효","cell phone,wine glass"
1122,111140,111206,성소,"wine glass,chair"
1123,111207,111271,"장윤주,송지효","cell phone,wine glass"
1124,111272,111342,조이 ,cell phone
1125,111343,111528,"장윤주,송지효",cell phone
1126,111529,111595,조이 ,cell phone
1127,111596,111697,장윤주,cell phone
1128,111698,111735,"장윤주,송지효,조이,성소","handbag,wine glass,dining table,chair,cell phone"
